{
  "usuarios": [
    {
      "id": 1,
      "email": "reuel@kawork.in",
      "senha": "123",
      "nivel": "admin"
    },
    {
      "id": 2,
      "email": "usuario@exemplo.com",
      "senha": "abcdef",
      "nivel": "usuario"
    }
  ],
  "formularios": [
    {
      "id": "1749593073872",
      "nome": "Pesquisa UMUARAMA",
      "perguntas": [
        {
          "texto": "Em quem você votará para Governador?",
          "tipo": "unica_escolha",
          "opcoes": [
            "Ratinho",
            "Junior",
            "Leonidas",
            "Não sabe"
          ]
        },
        {
          "texto": "Em quem você votará para Presidente?",
          "tipo": "unica_escolha",
          "opcoes": [
            "Bolsonaro",
            "Lula",
            "Luiz Golveia",
            "Não sabe"
          ]
        },
        {
          "texto": "Em quem você votaria para senador?",
          "tipo": "unica_escolha",
          "opcoes": [
            "Renan",
            "Piffer",
            "Moisés",
            "Não sabe"
          ]
        }
      ]
    }
  ],
  "respostas": [
    {
      "formularioId": "1749592597215",
      "respostas": [
        {
          "pergunta": "dfafsd",
          "resposta": "fasfasf"
        }
      ]
    },
    {
      "formularioId": "1749593073872",
      "respostas": [
        {
          "pergunta": "Em quem você votará para Governador?",
          "resposta": "Ratinho"
        },
        {
          "pergunta": "Em quem você votará para Presidente?",
          "resposta": "Lula"
        }
      ],
      "latitude": -23.7916246,
      "longitude": -53.072815
    },
    {
      "formularioId": "1749593073872",
      "respostas": [
        {
          "pergunta": "Em quem você votará para Governador?",
          "resposta": "Ratinho"
        },
        {
          "pergunta": "Em quem você votará para Presidente?",
          "resposta": "Lula"
        }
      ],
      "latitude": -23.7916246,
      "longitude": -53.072815
    },
    {
      "formularioId": "1749593073872",
      "respostas": [
        {
          "pergunta": "Em quem você votará para Governador?",
          "resposta": "Leonidas"
        },
        {
          "pergunta": "Em quem você votará para Presidente?",
          "resposta": "Lula"
        }
      ],
      "latitude": -23.7916246,
      "longitude": -53.072815
    },
    {
      "formularioId": "1749593073872",
      "respostas": [
        {
          "pergunta": "Em quem você votará para Governador?",
          "resposta": "Ratinho"
        },
        {
          "pergunta": "Em quem você votará para Presidente?",
          "resposta": "Bolsonaro"
        }
      ],
      "latitude": -23.7916246,
      "longitude": -53.072815
    },
    {
      "formularioId": "1749593073872",
      "respostas": [
        {
          "pergunta": "Em quem você votará para Governador?",
          "resposta": "Não sabe"
        },
        {
          "pergunta": "Em quem você votará para Presidente?",
          "resposta": "Não sabe"
        }
      ],
      "latitude": -23.7916246,
      "longitude": -53.072815
    },
    {
      "formularioId": "1749593073872",
      "respostas": [
        {
          "pergunta": "Em quem você votará para Governador?",
          "resposta": "Leonidas"
        },
        {
          "pergunta": "Em quem você votará para Presidente?",
          "resposta": "Luiz Golveia"
        }
      ],
      "latitude": -23.7916246,
      "longitude": -53.072815
    },
    {
      "formularioId": "1749593073872",
      "respostas": [
        {
          "pergunta": "Em quem você votará para Governador?",
          "resposta": "Ratinho"
        },
        {
          "pergunta": "Em quem você votará para Presidente?",
          "resposta": "Bolsonaro"
        }
      ],
      "latitude": -23.7915243,
      "longitude": -53.0728455,
      "email": "reuel@kawork.in",
      "data": "2025-06-11T01:43:38.907Z"
    },
    {
      "formularioId": "1749593073872",
      "respostas": [
        {
          "pergunta": "Em quem você votará para Governador?",
          "resposta": "Junior"
        },
        {
          "pergunta": "Em quem você votará para Presidente?",
          "resposta": "Luiz Golveia"
        }
      ],
      "latitude": -23.7915243,
      "longitude": -53.0728455,
      "email": "reuel@kawork.in",
      "data": "2025-06-11T01:43:45.923Z"
    },
    {
      "formularioId": "1749593073872",
      "respostas": [
        {
          "pergunta": "Em quem você votará para Governador?",
          "resposta": "Ratinho"
        },
        {
          "pergunta": "Em quem você votará para Presidente?",
          "resposta": "Bolsonaro"
        }
      ],
      "latitude": -23.7915243,
      "longitude": -53.0728455,
      "email": "reuel@kawork.in",
      "data": "2025-06-11T01:48:08.194Z"
    },
    {
      "formularioId": "1749593073872",
      "respostas": [
        {
          "pergunta": "Em quem você votará para Governador?",
          "resposta": "Junior"
        },
        {
          "pergunta": "Em quem você votará para Presidente?",
          "resposta": "Lula"
        }
      ],
      "latitude": -23.7915243,
      "longitude": -53.0728455,
      "email": "reuel@kawork.in",
      "data": "2025-06-11T01:48:35.962Z"
    },
    {
      "formularioId": "1749593073872",
      "respostas": [
        {
          "pergunta": "Em quem você votará para Governador?",
          "resposta": "Ratinho"
        },
        {
          "pergunta": "Em quem você votará para Presidente?",
          "resposta": "Lula"
        }
      ],
      "latitude": -23.7915243,
      "longitude": -53.0728455,
      "email": "reuel@kawork.in",
      "data": "2025-06-11T01:49:00.146Z"
    },
    {
      "formularioId": "1749593073872",
      "respostas": [
        {
          "pergunta": "Em quem você votará para Governador?",
          "resposta": ""
        },
        {
          "pergunta": "Em quem você votará para Presidente?",
          "resposta": ""
        }
      ],
      "latitude": -23.7915243,
      "longitude": -53.0728455,
      "email": "reuel@kawork.in",
      "data": "2025-06-11T01:49:25.749Z"
    },
    {
      "formularioId": "1749593073872",
      "respostas": [
        {
          "pergunta": "Em quem você votará para Governador?",
          "resposta": "Não sabe"
        },
        {
          "pergunta": "Em quem você votará para Presidente?",
          "resposta": "Não sabe"
        }
      ],
      "latitude": -23.791513,
      "longitude": -53.0728525,
      "email": "reuel@kawork.in",
      "data": "2025-06-11T01:57:54.615Z"
    },
    {
      "formularioId": "1749593073872",
      "respostas": [
        {
          "pergunta": "Em quem você votará para Governador?",
          "resposta": "Ratinho"
        },
        {
          "pergunta": "Em quem você votará para Presidente?",
          "resposta": "Luiz Golveia"
        }
      ],
      "latitude": -23.7916087,
      "longitude": -53.0728375,
      "email": "reuel@kawork.in",
      "data": "2025-06-11T01:58:45.649Z"
    },
    {
      "formularioId": "1749593073872",
      "respostas": [
        {
          "pergunta": "Em quem você votará para Governador?",
          "resposta": "Não sabe"
        },
        {
          "pergunta": "Em quem você votará para Presidente?",
          "resposta": "Não sabe"
        },
        {
          "pergunta": "Em quem você votaria para senador?",
          "resposta": "Moisés"
        }
      ],
      "latitude": -23.7914408,
      "longitude": -53.0728606,
      "email": "reuel@kawork.in",
      "data": "2025-06-11T02:11:59.368Z"
    },
    {
      "formularioId": "1749593073872",
      "respostas": [
        {
          "pergunta": "Em quem você votará para Governador?",
          "resposta": "Ratinho"
        },
        {
          "pergunta": "Em quem você votará para Presidente?",
          "resposta": "Bolsonaro"
        },
        {
          "pergunta": "Em quem você votaria para senador?",
          "resposta": "Renan"
        }
      ],
      "latitude": -23.7915243,
      "longitude": -53.0728455,
      "email": "usuario@exemplo.com",
      "data": "2025-06-11T02:12:35.395Z"
    },
    {
      "formularioId": "1749593073872",
      "respostas": [
        {
          "pergunta": "Em quem você votará para Governador?",
          "resposta": "Junior"
        },
        {
          "pergunta": "Em quem você votará para Presidente?",
          "resposta": "Lula"
        },
        {
          "pergunta": "Em quem você votaria para senador?",
          "resposta": "Piffer"
        }
      ],
      "latitude": -23.7915243,
      "longitude": -53.0728455,
      "email": "usuario@exemplo.com",
      "data": "2025-06-11T02:12:47.236Z"
    },
    {
      "formularioId": "1749593073872",
      "respostas": [
        {
          "pergunta": "Em quem você votará para Governador?",
          "resposta": "Ratinho"
        },
        {
          "pergunta": "Em quem você votará para Presidente?",
          "resposta": "Lula"
        },
        {
          "pergunta": "Em quem você votaria para senador?",
          "resposta": "Não sabe"
        }
      ],
      "latitude": -23.7914573,
      "longitude": -53.0727974,
      "email": "reuel@kawork.in",
      "audio": "",
      "data": "2025-06-11T12:29:09.445Z"
    },
    {
      "formularioId": "1749593073872",
      "respostas": [
        {
          "pergunta": "Em quem você votará para Governador?",
          "resposta": "Junior"
        },
        {
          "pergunta": "Em quem você votará para Presidente?",
          "resposta": "Bolsonaro"
        },
        {
          "pergunta": "Em quem você votaria para senador?",
          "resposta": "Não sabe"
        }
      ],
      "latitude": -23.7914066,
      "longitude": -53.0727471,
      "email": "usuario@exemplo.com",
      "audio": "",
      "data": "2025-06-11T12:47:43.478Z"
    },
    {
      "formularioId": "1749593073872",
      "respostas": [
        {
          "pergunta": "Em quem você votará para Governador?",
          "resposta": "Leonidas"
        },
        {
          "pergunta": "Em quem você votará para Presidente?",
          "resposta": "Bolsonaro"
        },
        {
          "pergunta": "Em quem você votaria para senador?",
          "resposta": "Não sabe"
        }
      ],
      "latitude": -23.7914066,
      "longitude": -53.0727471,
      "email": "usuario@exemplo.com",
      "audio": "",
      "data": "2025-06-11T12:47:54.339Z"
    },
    {
      "formularioId": "1749593073872",
      "respostas": [
        {
          "pergunta": "Em quem você votará para Governador?",
          "resposta": "Ratinho"
        },
        {
          "pergunta": "Em quem você votará para Presidente?",
          "resposta": "Bolsonaro"
        },
        {
          "pergunta": "Em quem você votaria para senador?",
          "resposta": "Piffer"
        }
      ],
      "latitude": -23.7913106,
      "longitude": -53.0728441,
      "email": "reuel@kawork.in",
      "audio": "",
      "data": "2025-06-11T14:07:50.580Z"
    },
    {
      "formularioId": "1749593073872",
      "respostas": [
        {
          "pergunta": "Em quem você votará para Governador?",
          "resposta": "Ratinho"
        },
        {
          "pergunta": "Em quem você votará para Presidente?",
          "resposta": "Lula"
        },
        {
          "pergunta": "Em quem você votaria para senador?",
          "resposta": "Não sabe"
        }
      ],
      "latitude": -23.7913106,
      "longitude": -53.0728441,
      "email": "reuel@kawork.in",
      "audio": "",
      "data": "2025-06-11T14:07:58.587Z"
    }
  ]
}